{"cameraMode":{"drawMode":0,"name":"Shaded","section":"Shading Mode"},"sceneLighting":true,"audioPlay":false,"sceneViewState":{"showFog":true,"showMaterialUpdate":true,"showSkybox":true,"showFlares":true,"showImageEffects":true,"showParticleSystems":true},"in2DMode":false,"pivot":{"x":26.405033111572267,"y":9.661964416503907,"z":19.855852127075197},"rotation":{"x":-0.24216796457767487,"y":-0.15405887365341187,"z":0.03897833079099655,"w":-0.9571318030357361},"size":68.6847915649414,"orthographic":false}