{"cameraMode":{"drawMode":0,"name":"Shaded","section":"Shading Mode"},"sceneLighting":true,"audioPlay":false,"sceneViewState":{"showFog":true,"showMaterialUpdate":true,"showSkybox":true,"showFlares":true,"showImageEffects":true,"showParticleSystems":true},"in2DMode":false,"pivot":{"x":192.38685607910157,"y":-11.234892845153809,"z":212.9933624267578},"rotation":{"x":-0.11457322537899018,"y":-0.3306327164173126,"z":0.040475089102983478,"w":-0.9359042644500732},"size":136.1507110595703,"orthographic":false}